HostName,RequestType,Name,ResponseTime,ResponseLength,Status
DESKTOP-U80B0UL,GET,/index.php,465.81230001174845,51109,PASS
DESKTOP-U80B0UL,GET,/index.php?id_category=3&controller=category,497.65440000919625,92770,PASS
DESKTOP-U80B0UL,GET,/index.php,509.250900009647,51109,PASS
DESKTOP-U80B0UL,GET,/index.php?controller=order,301.0419000056572,25446,PASS
DESKTOP-U80B0UL,GET,/index.php,493.18220000714064,51109,PASS
DESKTOP-U80B0UL,GET,/index.php?id_category=8&controller=category,443.1853999849409,84243,PASS
DESKTOP-U80B0UL,GET,/index.php?id_category=3&controller=category,479.7551000083331,92770,PASS
DESKTOP-U80B0UL,POST,/index.php?controller=authentication,627.1436000242829,26130,PASS
DESKTOP-U80B0UL,GET,/index.php?id_category=3&controller=category,467.90979997604154,92770,PASS
DESKTOP-U80B0UL,GET,/index.php?controller=addresses,469.059399998514,34307,PASS
DESKTOP-U80B0UL,GET,/index.php,507.27410000399686,51109,PASS
DESKTOP-U80B0UL,GET,/index.php?id_category=5&controller=category,428.7363999756053,54160,PASS
DESKTOP-U80B0UL,GET,/index.php?id_category=3&controller=category,498.15110000781715,92779,PASS
DESKTOP-U80B0UL,GET,/index.php?id_category=8&controller=category,445.48589998157695,84243,PASS
DESKTOP-U80B0UL,GET,/index.php?id_category=8&controller=category,434.23600000096485,84243,PASS
DESKTOP-U80B0UL,GET,/index.php?controller=addresses,549.7609000012744,34307,PASS
DESKTOP-U80B0UL,GET,/index.php?id_category=5&controller=category,505.5073999974411,54151,PASS
DESKTOP-U80B0UL,GET,/index.php?id_category=8&controller=category,611.5714000188746,84234,PASS
DESKTOP-U80B0UL,GET,/index.php?id_category=3&controller=category,584.6093999862205,92770,PASS
DESKTOP-U80B0UL,GET,/index.php?id_category=5&controller=category,567.6326999964658,54160,PASS
DESKTOP-U80B0UL,GET,/index.php?controller=order,382.75030002114363,25446,PASS
DESKTOP-U80B0UL,GET,/index.php?controller=addresses,830.4626999888569,34307,PASS
DESKTOP-U80B0UL,GET,/index.php?id_category=5&controller=category,656.931400008034,54160,PASS
DESKTOP-U80B0UL,GET,/index.php?id_category=3&controller=category,784.5083000138402,92770,PASS
DESKTOP-U80B0UL,GET,/index.php?id_category=8&controller=category,737.4987000075635,84243,PASS
DESKTOP-U80B0UL,GET,/index.php?id_category=3&controller=category,660.3725999884773,92779,PASS
DESKTOP-U80B0UL,GET,/index.php?controller=order,514.9651000101585,25446,PASS
DESKTOP-U80B0UL,GET,/index.php?id_category=3&controller=category,624.848400009796,92779,PASS
DESKTOP-U80B0UL,GET,/index.php?id_category=5&controller=category,684.9829999846406,54160,PASS
DESKTOP-U80B0UL,GET,/index.php?id_category=8&controller=category,637.1258000144735,84243,PASS
DESKTOP-U80B0UL,GET,/index.php?id_category=8&controller=category,718.7049000058323,84243,PASS
DESKTOP-U80B0UL,GET,/index.php?id_category=8&controller=category,755.3656999953091,84243,PASS
DESKTOP-U80B0UL,GET,/index.php?id_category=3&controller=category,742.6695000031032,92779,PASS
DESKTOP-U80B0UL,GET,/index.php?id_category=5&controller=category,621.1697999970056,54160,PASS
DESKTOP-U80B0UL,GET,/index.php?id_category=3&controller=category,657.7408000011928,92770,PASS
DESKTOP-U80B0UL,GET,/index.php?id_category=5&controller=category,483.9763999916613,54160,PASS
DESKTOP-U80B0UL,GET,/index.php?id_category=5&controller=category,469.3232999998145,54160,PASS
DESKTOP-U80B0UL,GET,/index.php?controller=order,301.90330001641996,25446,PASS
DESKTOP-U80B0UL,GET,/index.php?id_category=8&controller=category,560.5504999984987,84243,PASS
DESKTOP-U80B0UL,GET,/index.php?id_category=3&controller=category,607.3605999990832,92779,PASS
DESKTOP-U80B0UL,GET,/index.php?id_category=8&controller=category,561.9158999761567,84234,PASS
DESKTOP-U80B0UL,GET,/index.php?id_category=3&controller=category,500.12129999231547,92770,PASS
DESKTOP-U80B0UL,GET,/index.php?id_category=5&controller=category,469.42730000591837,54151,PASS
DESKTOP-U80B0UL,GET,/index.php?id_category=8&controller=category,610.537700005807,84243,PASS
DESKTOP-U80B0UL,GET,/index.php?id_category=5&controller=category,461.180999991484,54160,PASS
DESKTOP-U80B0UL,GET,/index.php?id_category=3&controller=category,626.3219999964349,92779,PASS
DESKTOP-U80B0UL,GET,/index.php?id_category=8&controller=category,477.4535000033211,84243,PASS
DESKTOP-U80B0UL,GET,/index.php?id_category=3&controller=category,492.1659000101499,92770,PASS
DESKTOP-U80B0UL,GET,/index.php?id_category=5&controller=category,517.1894000086468,54151,PASS
DESKTOP-U80B0UL,GET,/index.php?id_category=3&controller=category,561.8702999781817,92779,PASS
DESKTOP-U80B0UL,GET,/index.php?id_category=5&controller=category,460.0200999993831,54151,PASS
DESKTOP-U80B0UL,GET,/index.php?id_category=8&controller=category,555.5302999855485,84243,PASS
DESKTOP-U80B0UL,GET,/index.php?id_category=8&controller=category,479.79909999412484,84234,PASS
DESKTOP-U80B0UL,GET,/index.php?id_category=8&controller=category,432.08660001982935,84243,PASS
DESKTOP-U80B0UL,GET,/index.php?id_category=3&controller=category,529.591900005471,92770,PASS
DESKTOP-U80B0UL,GET,/index.php?id_category=3&controller=category,560.8888999850024,92770,PASS
DESKTOP-U80B0UL,GET,/index.php?id_category=5&controller=category,436.5025000006426,54151,PASS
DESKTOP-U80B0UL,GET,/index.php?id_category=5&controller=category,362.99069999950007,54160,PASS
DESKTOP-U80B0UL,GET,/index.php?id_category=8&controller=category,523.5877999803051,84243,PASS
DESKTOP-U80B0UL,GET,/index.php?id_category=5&controller=category,498.1130999804009,54160,PASS
DESKTOP-U80B0UL,GET,/index.php?id_category=3&controller=category,483.0995000083931,92779,PASS
DESKTOP-U80B0UL,GET,/index.php?id_category=8&controller=category,585.1359000080265,84243,PASS
DESKTOP-U80B0UL,GET,/index.php?controller=order,289.40310000325553,25446,PASS
DESKTOP-U80B0UL,GET,/index.php?controller=order,501.6287000034936,25446,PASS
DESKTOP-U80B0UL,GET,/index.php?id_category=5&controller=category,506.0615999973379,54151,PASS
DESKTOP-U80B0UL,GET,/index.php?id_category=8&controller=category,507.9603999911342,84234,PASS
DESKTOP-U80B0UL,GET,/index.php?id_category=5&controller=category,449.8594999895431,54160,PASS
DESKTOP-U80B0UL,GET,/index.php?controller=order,372.4383999942802,25446,PASS
DESKTOP-U80B0UL,GET,/index.php?controller=order,311.05650000972673,25446,PASS
DESKTOP-U80B0UL,GET,/index.php?id_category=5&controller=category,443.9487000054214,54160,PASS
DESKTOP-U80B0UL,GET,/index.php?controller=order,346.3257999974303,25446,PASS
DESKTOP-U80B0UL,GET,/index.php?id_category=3&controller=category,510.5699999839999,92779,PASS
DESKTOP-U80B0UL,GET,/index.php?id_category=3&controller=category,597.7993999840692,92779,PASS
DESKTOP-U80B0UL,GET,/index.php?id_category=3&controller=category,472.935800004052,92779,PASS
DESKTOP-U80B0UL,GET,/index.php?id_category=3&controller=category,485.84320000372827,92770,PASS
DESKTOP-U80B0UL,GET,/index.php?controller=order,300.68889999529347,25446,PASS
DESKTOP-U80B0UL,GET,/index.php?id_category=8&controller=category,480.9553000086453,84234,PASS
DESKTOP-U80B0UL,GET,/index.php?id_category=8&controller=category,446.6559999855235,84243,PASS
DESKTOP-U80B0UL,GET,/index.php?id_category=8&controller=category,403.72579998802394,84243,PASS
DESKTOP-U80B0UL,GET,/index.php?id_category=8&controller=category,498.07370000053197,84234,PASS
DESKTOP-U80B0UL,GET,/index.php?controller=order,309.3267999938689,25446,PASS
DESKTOP-U80B0UL,GET,/index.php?id_category=5&controller=category,386.43889999366365,54160,PASS
DESKTOP-U80B0UL,GET,/index.php?id_category=5&controller=category,422.4707999965176,54160,PASS
DESKTOP-U80B0UL,GET,/index.php?id_category=5&controller=category,406.898999994155,54160,PASS
DESKTOP-U80B0UL,GET,/index.php?id_category=5&controller=category,439.6028000046499,54151,PASS
DESKTOP-U80B0UL,GET,/index.php?id_category=3&controller=category,479.13449999759905,92779,PASS
DESKTOP-U80B0UL,GET,/index.php?id_category=3&controller=category,455.8370000158902,92779,PASS
DESKTOP-U80B0UL,GET,/index.php?id_category=3&controller=category,436.07619998510927,92779,PASS
DESKTOP-U80B0UL,GET,/index.php?controller=order,323.67140002315864,25446,PASS
DESKTOP-U80B0UL,GET,/index.php?id_category=3&controller=category,451.7243000154849,92770,PASS
DESKTOP-U80B0UL,GET,/index.php?id_category=8&controller=category,475.05049998289905,84243,PASS
DESKTOP-U80B0UL,GET,/index.php?id_category=8&controller=category,486.18290000013076,84243,PASS
DESKTOP-U80B0UL,GET,/index.php?id_category=3&controller=category,491.97560001630336,92779,PASS
DESKTOP-U80B0UL,GET,/index.php?id_category=8&controller=category,483.7633999995887,84243,PASS
DESKTOP-U80B0UL,GET,/index.php?id_category=8&controller=category,579.5660000003409,84234,PASS
DESKTOP-U80B0UL,GET,/index.php?id_category=5&controller=category,387.45120001840405,54160,PASS
DESKTOP-U80B0UL,GET,/index.php?id_category=5&controller=category,443.64179999683984,54151,PASS
DESKTOP-U80B0UL,GET,/index.php?id_category=5&controller=category,359.08809999818914,54151,PASS
DESKTOP-U80B0UL,GET,/index.php?id_category=8&controller=category,468.93699999782257,84234,PASS
DESKTOP-U80B0UL,GET,/index.php?id_category=5&controller=category,354.05720002017915,54151,PASS
DESKTOP-U80B0UL,GET,/index.php?id_category=3&controller=category,540.2163999970071,92779,PASS
DESKTOP-U80B0UL,GET,/index.php?controller=order,279.875499982154,25446,PASS
DESKTOP-U80B0UL,GET,/index.php?id_category=5&controller=category,543.7229000090156,54160,PASS
DESKTOP-U80B0UL,GET,/index.php?controller=addresses,463.55420001782477,34307,PASS
DESKTOP-U80B0UL,GET,/index.php?controller=order,283.9146999758668,25446,PASS
DESKTOP-U80B0UL,GET,/index.php?id_category=3&controller=category,516.6092000145,92779,PASS
DESKTOP-U80B0UL,GET,/index.php?id_category=8&controller=category,391.0184999986086,84243,PASS
DESKTOP-U80B0UL,GET,/index.php?id_category=3&controller=category,399.7601000010036,92779,PASS
DESKTOP-U80B0UL,GET,/index.php?id_category=3&controller=category,470.18150001531467,92779,PASS
DESKTOP-U80B0UL,GET,/index.php?id_category=8&controller=category,409.0071000100579,84243,PASS
DESKTOP-U80B0UL,GET,/index.php?id_category=3&controller=category,398.76069998717867,92779,PASS
DESKTOP-U80B0UL,GET,/index.php?id_category=5&controller=category,349.63659997447394,54151,PASS
DESKTOP-U80B0UL,GET,/index.php?id_category=8&controller=category,484.189199982211,84243,PASS
DESKTOP-U80B0UL,GET,/index.php?id_category=8&controller=category,418.48940000636503,84234,PASS
DESKTOP-U80B0UL,GET,/index.php?id_category=5&controller=category,405.3041999868583,54160,PASS
DESKTOP-U80B0UL,GET,/index.php?controller=order,283.85459998389706,25446,PASS
DESKTOP-U80B0UL,GET,/index.php?id_category=8&controller=category,429.8150000104215,84243,PASS
DESKTOP-U80B0UL,GET,/index.php?id_category=5&controller=category,410.8852999925148,54160,PASS
DESKTOP-U80B0UL,GET,/index.php?controller=order,288.8319999910891,25446,PASS
DESKTOP-U80B0UL,GET,/index.php?controller=order,272.20649999799207,25446,PASS
DESKTOP-U80B0UL,GET,/index.php?id_category=5&controller=category,395.0759999861475,54160,PASS
DESKTOP-U80B0UL,GET,/index.php?id_category=5&controller=category,424.9396999948658,54151,PASS
DESKTOP-U80B0UL,GET,/index.php?id_category=3&controller=category,428.37090001557954,92779,PASS
DESKTOP-U80B0UL,GET,/index.php?id_category=3&controller=category,487.0310999976937,92779,PASS
DESKTOP-U80B0UL,GET,/index.php?controller=order,342.886800004635,25446,PASS
DESKTOP-U80B0UL,GET,/index.php?controller=order,318.89640001463704,25446,PASS
DESKTOP-U80B0UL,GET,/index.php?controller=addresses,498.77590002142824,34307,PASS
DESKTOP-U80B0UL,GET,/index.php?controller=order,266.36569999391213,25446,PASS
DESKTOP-U80B0UL,GET,/index.php?controller=order,267.2366999904625,25446,PASS
DESKTOP-U80B0UL,GET,/index.php?id_category=8&controller=category,435.0464000017382,84243,PASS
DESKTOP-U80B0UL,GET,/index.php?id_category=8&controller=category,387.31049999478273,84243,PASS
DESKTOP-U80B0UL,GET,/index.php?controller=order,273.01569998962805,25446,PASS
DESKTOP-U80B0UL,GET,/index.php?controller=order,271.83189999777824,25446,PASS
DESKTOP-U80B0UL,GET,/index.php?controller=order,300.8667000103742,25446,PASS
DESKTOP-U80B0UL,GET,/index.php?id_category=5&controller=category,364.54730000696145,54151,PASS
DESKTOP-U80B0UL,GET,/index.php?id_category=3&controller=category,424.73230001633056,92770,PASS
DESKTOP-U80B0UL,GET,/index.php?id_category=5&controller=category,424.7227000014391,54160,PASS
DESKTOP-U80B0UL,GET,/index.php?controller=order,274.33620000374503,25446,PASS
DESKTOP-U80B0UL,GET,/index.php?controller=order,376.5313000185415,25446,PASS
DESKTOP-U80B0UL,GET,/index.php?controller=order,295.02369998954237,25446,PASS
DESKTOP-U80B0UL,GET,/index.php?id_category=8&controller=category,499.49459999334067,84243,PASS
DESKTOP-U80B0UL,GET,/index.php?controller=order,290.4541000025347,25446,PASS
DESKTOP-U80B0UL,GET,/index.php?controller=order,288.47239998867735,25446,PASS
DESKTOP-U80B0UL,GET,/index.php?controller=order,321.3795000046957,25446,PASS
DESKTOP-U80B0UL,GET,/index.php?controller=order,311.4402999926824,25446,PASS
DESKTOP-U80B0UL,GET,/index.php?id_category=5&controller=category,470.2466999879107,54151,PASS
DESKTOP-U80B0UL,GET,/index.php?id_category=3&controller=category,510.05670000449754,92770,PASS
DESKTOP-U80B0UL,GET,/index.php?controller=order,297.32839998905547,25446,PASS
DESKTOP-U80B0UL,GET,/index.php?controller=order,320.17769999220036,25446,PASS
DESKTOP-U80B0UL,GET,/index.php?controller=order,266.96360000642017,25446,PASS
DESKTOP-U80B0UL,GET,/index.php?controller=order,279.66190001461655,25446,PASS
DESKTOP-U80B0UL,GET,/index.php?id_category=3&controller=category,427.59469998418353,92770,PASS
DESKTOP-U80B0UL,GET,/index.php?id_category=8&controller=category,427.97299998346716,84243,PASS
DESKTOP-U80B0UL,GET,/index.php?id_category=3&controller=category,448.105299990857,92779,PASS
DESKTOP-U80B0UL,GET,/index.php?controller=order,301.130000007106,25446,PASS
DESKTOP-U80B0UL,GET,/index.php?id_category=8&controller=category,454.59189999382943,84243,PASS
DESKTOP-U80B0UL,GET,/index.php?id_category=5&controller=category,452.4917000089772,54160,PASS
DESKTOP-U80B0UL,GET,/index.php?id_category=3&controller=category,444.2339999950491,92779,PASS
DESKTOP-U80B0UL,GET,/index.php?controller=addresses,475.5621000076644,34307,PASS
DESKTOP-U80B0UL,GET,/index.php?id_category=8&controller=category,571.581199998036,84243,PASS
DESKTOP-U80B0UL,GET,/index.php?id_category=8&controller=category,521.2942000071052,84234,PASS
DESKTOP-U80B0UL,GET,/index.php?id_category=5&controller=category,452.4008000153117,54151,PASS
DESKTOP-U80B0UL,GET,/index.php?controller=order,317.31389998458326,25446,PASS
DESKTOP-U80B0UL,GET,/index.php?controller=order,277.2875999798998,25446,PASS
DESKTOP-U80B0UL,GET,/index.php?id_category=3&controller=category,410.32569998060353,92770,PASS
DESKTOP-U80B0UL,GET,/index.php?id_category=5&controller=category,389.2737000132911,54151,PASS
DESKTOP-U80B0UL,GET,/index.php?id_category=3&controller=category,540.087700006552,92779,PASS
DESKTOP-U80B0UL,GET,/index.php?id_category=5&controller=category,495.9697000158485,54151,PASS
DESKTOP-U80B0UL,GET,/index.php?controller=order,299.30179999792017,25446,PASS
DESKTOP-U80B0UL,GET,/index.php?id_category=3&controller=category,611.3504999957513,92779,PASS
DESKTOP-U80B0UL,GET,/index.php?id_category=8&controller=category,683.4145999746397,84243,PASS
DESKTOP-U80B0UL,GET,/index.php?controller=order,357.11389998323284,25446,PASS
DESKTOP-U80B0UL,GET,/index.php?id_category=8&controller=category,527.8511999931652,84243,PASS
DESKTOP-U80B0UL,GET,/index.php?id_category=3&controller=category,581.3890999997966,92779,PASS
DESKTOP-U80B0UL,GET,/index.php?id_category=8&controller=category,499.2781000037212,84234,PASS
DESKTOP-U80B0UL,GET,/index.php?controller=order,371.9481000152882,25446,PASS
DESKTOP-U80B0UL,GET,/index.php?id_category=5&controller=category,481.2658999871928,54160,PASS
DESKTOP-U80B0UL,GET,/index.php?id_category=5&controller=category,401.90580001217313,54151,PASS
DESKTOP-U80B0UL,GET,/index.php,496.11480001476593,51109,PASS
DESKTOP-U80B0UL,GET,/index.php?id_category=8&controller=category,488.4752999932971,84243,PASS
DESKTOP-U80B0UL,GET,/index.php?controller=order,286.53689997736365,25446,PASS
DESKTOP-U80B0UL,GET,/index.php?id_category=3&controller=category,470.13969998806715,92779,PASS
DESKTOP-U80B0UL,GET,/index.php?id_category=5&controller=category,502.16570001794025,54160,PASS
DESKTOP-U80B0UL,GET,/index.php?id_category=3&controller=category,621.5354999876581,92779,PASS
DESKTOP-U80B0UL,GET,/index.php,480.5830999976024,51109,PASS
DESKTOP-U80B0UL,GET,/index.php?controller=order,350.5965000076685,25446,PASS
DESKTOP-U80B0UL,GET,/index.php?id_category=3&controller=category,592.7145000023302,92779,PASS
DESKTOP-U80B0UL,GET,/index.php?id_category=5&controller=category,523.0531999841332,54160,PASS
DESKTOP-U80B0UL,GET,/index.php?id_category=8&controller=category,564.1226999869104,84243,PASS
DESKTOP-U80B0UL,GET,/index.php?controller=order,402.18340000137687,25446,PASS
DESKTOP-U80B0UL,GET,/index.php?id_category=3&controller=category,660.5481000151485,92779,PASS
DESKTOP-U80B0UL,GET,/index.php?id_category=8&controller=category,653.7989999924321,84243,PASS
DESKTOP-U80B0UL,GET,/index.php?controller=order,376.203899999382,25446,PASS
DESKTOP-U80B0UL,GET,/index.php,562.336500006495,51109,PASS
DESKTOP-U80B0UL,GET,/index.php?controller=order,353.4296999860089,25446,PASS
DESKTOP-U80B0UL,GET,/index.php?id_category=8&controller=category,620.3529000049457,84234,PASS
DESKTOP-U80B0UL,GET,/index.php?id_category=3&controller=category,584.7125999862328,92770,PASS
DESKTOP-U80B0UL,GET,/index.php,497.4962999986019,51109,PASS
DESKTOP-U80B0UL,GET,/index.php?id_category=5&controller=category,400.1000999996904,54160,PASS
DESKTOP-U80B0UL,GET,/index.php?id_category=3&controller=category,573.6083000083454,92779,PASS
DESKTOP-U80B0UL,GET,/index.php?id_category=5&controller=category,376.9120000069961,54160,PASS
DESKTOP-U80B0UL,GET,/index.php?id_category=3&controller=category,481.11470000003465,92770,PASS
DESKTOP-U80B0UL,GET,/index.php?id_category=8&controller=category,534.3510999809951,84243,PASS
DESKTOP-U80B0UL,GET,/index.php?id_category=5&controller=category,432.41280000074767,54160,PASS
DESKTOP-U80B0UL,GET,/index.php?id_category=3&controller=category,450.8381999912672,92770,PASS
DESKTOP-U80B0UL,GET,/index.php?id_category=3&controller=category,547.4258000031114,92779,PASS
DESKTOP-U80B0UL,GET,/index.php?id_category=8&controller=category,518.3853000053205,84234,PASS
DESKTOP-U80B0UL,GET,/index.php?id_category=8&controller=category,480.4234000039287,84243,PASS
DESKTOP-U80B0UL,GET,/index.php?controller=order,292.7553000045009,25446,PASS
DESKTOP-U80B0UL,GET,/index.php?id_category=3&controller=category,500.54090001503937,92779,PASS
DESKTOP-U80B0UL,GET,/index.php?id_category=8&controller=category,468.09740000753663,84234,PASS
DESKTOP-U80B0UL,GET,/index.php?id_category=5&controller=category,415.4442000144627,54151,PASS
DESKTOP-U80B0UL,GET,/index.php?id_category=8&controller=category,569.6059000038076,84243,PASS
DESKTOP-U80B0UL,GET,/index.php?controller=order,305.4429999901913,25446,PASS
DESKTOP-U80B0UL,GET,/index.php?id_category=8&controller=category,505.9668999747373,84243,PASS
DESKTOP-U80B0UL,GET,/index.php?id_category=5&controller=category,420.69420000188984,54151,PASS
DESKTOP-U80B0UL,GET,/index.php?id_category=5&controller=category,416.9040000124369,54151,PASS
DESKTOP-U80B0UL,GET,/index.php?id_category=5&controller=category,455.11539999279194,54160,PASS
DESKTOP-U80B0UL,GET,/index.php?id_category=8&controller=category,451.9377999822609,84243,PASS
DESKTOP-U80B0UL,GET,/index.php?id_category=5&controller=category,501.15540000842884,54151,PASS
DESKTOP-U80B0UL,GET,/index.php?id_category=3&controller=category,576.0468000080436,92779,PASS
DESKTOP-U80B0UL,GET,/index.php?controller=order,311.9363999867346,25446,PASS
DESKTOP-U80B0UL,GET,/index.php?controller=order,338.84110001963563,25446,PASS
DESKTOP-U80B0UL,GET,/index.php?id_category=3&controller=category,497.4093000055291,92779,PASS
DESKTOP-U80B0UL,GET,/index.php?id_category=5&controller=category,424.1304000024684,54160,PASS
DESKTOP-U80B0UL,GET,/index.php?id_category=5&controller=category,557.608800008893,54160,PASS
DESKTOP-U80B0UL,GET,/index.php?controller=order,473.8738000160083,25446,PASS
DESKTOP-U80B0UL,GET,/index.php?id_category=3&controller=category,698.5391000052914,92770,PASS
DESKTOP-U80B0UL,GET,/index.php?id_category=3&controller=category,614.051999989897,92779,PASS
DESKTOP-U80B0UL,GET,/index.php?id_category=3&controller=category,695.5090000119526,92779,PASS
DESKTOP-U80B0UL,GET,/index.php?id_category=8&controller=category,631.9407000264619,84243,PASS
DESKTOP-U80B0UL,GET,/index.php?id_category=3&controller=category,802.6951999927405,92779,PASS
DESKTOP-U80B0UL,GET,/index.php?id_category=3&controller=category,743.0953999864869,92770,PASS
DESKTOP-U80B0UL,GET,/index.php?id_category=8&controller=category,702.0238999975845,84243,PASS
DESKTOP-U80B0UL,GET,/index.php?id_category=8&controller=category,665.1998999877833,84243,PASS
DESKTOP-U80B0UL,GET,/index.php?controller=order,479.18870000285096,25446,PASS
DESKTOP-U80B0UL,GET,/index.php?id_category=3&controller=category,646.8103999795858,92770,PASS
DESKTOP-U80B0UL,GET,/index.php?id_category=5&controller=category,571.7045000055805,54160,PASS
DESKTOP-U80B0UL,GET,/index.php?id_category=8&controller=category,677.216900017811,84243,PASS
DESKTOP-U80B0UL,GET,/index.php?id_category=8&controller=category,562.4984999885783,84234,PASS
DESKTOP-U80B0UL,GET,/index.php?id_category=8&controller=category,527.6082000054885,84234,PASS
DESKTOP-U80B0UL,GET,/index.php?id_category=8&controller=category,537.83040001872,84243,PASS
DESKTOP-U80B0UL,GET,/index.php?id_category=5&controller=category,459.37810000032187,54160,PASS
DESKTOP-U80B0UL,GET,/index.php?id_category=5&controller=category,477.5317999883555,54160,PASS
DESKTOP-U80B0UL,GET,/index.php?controller=order,330.8420999965165,25446,PASS
DESKTOP-U80B0UL,GET,/index.php?controller=order,340.7775999803562,25446,PASS
DESKTOP-U80B0UL,GET,/index.php?id_category=8&controller=category,550.6813999963924,84243,PASS
DESKTOP-U80B0UL,GET,/index.php?id_category=5&controller=category,412.60070001590066,54151,PASS
DESKTOP-U80B0UL,GET,/index.php?id_category=5&controller=category,504.7463000228163,54160,PASS
DESKTOP-U80B0UL,GET,/index.php?id_category=5&controller=category,486.1107000033371,54160,PASS
DESKTOP-U80B0UL,GET,/index.php?id_category=3&controller=category,641.6587000130676,92779,PASS
DESKTOP-U80B0UL,GET,/index.php?id_category=5&controller=category,488.8539999956265,54151,PASS
DESKTOP-U80B0UL,GET,/index.php?controller=order,327.16030001756735,25446,PASS
DESKTOP-U80B0UL,GET,/index.php?id_category=3&controller=category,633.8817999931052,92779,PASS
DESKTOP-U80B0UL,GET,/index.php?controller=order,384.32370001100935,25446,PASS
DESKTOP-U80B0UL,GET,/index.php?controller=order,446.9987000047695,25446,PASS
DESKTOP-U80B0UL,GET,/index.php?id_category=5&controller=category,607.3957000044174,54160,PASS
DESKTOP-U80B0UL,GET,/index.php?id_category=3&controller=category,670.2750000113156,92770,PASS
DESKTOP-U80B0UL,GET,/index.php?id_category=3&controller=category,783.1798999977764,92779,PASS
DESKTOP-U80B0UL,GET,/index.php?id_category=3&controller=category,653.1745000102092,92779,PASS
DESKTOP-U80B0UL,GET,/index.php?id_category=8&controller=category,577.9348000069149,84234,PASS
DESKTOP-U80B0UL,GET,/index.php?controller=order,390.1752999809105,25446,PASS
DESKTOP-U80B0UL,GET,/index.php?controller=order,454.97920000343584,25446,PASS
DESKTOP-U80B0UL,GET,/index.php?id_category=3&controller=category,585.7734000019263,92779,PASS
DESKTOP-U80B0UL,GET,/index.php?id_category=8&controller=category,549.2766999814194,84243,PASS
DESKTOP-U80B0UL,GET,/index.php?id_category=8&controller=category,433.4182000020519,84243,PASS
DESKTOP-U80B0UL,GET,/index.php?id_category=8&controller=category,488.4111999999732,84243,PASS
DESKTOP-U80B0UL,GET,/index.php?id_category=3&controller=category,544.9967999884393,92770,PASS
DESKTOP-U80B0UL,GET,/index.php?id_category=3&controller=category,472.17079999973066,92770,PASS
DESKTOP-U80B0UL,GET,/index.php?id_category=5&controller=category,463.9784999890253,54151,PASS
DESKTOP-U80B0UL,GET,/index.php?id_category=8&controller=category,522.6956999977119,84234,PASS
DESKTOP-U80B0UL,GET,/index.php?id_category=8&controller=category,541.7716999945696,84243,PASS
DESKTOP-U80B0UL,GET,/index.php?id_category=3&controller=category,476.8562999961432,92779,PASS
DESKTOP-U80B0UL,GET,/index.php?id_category=5&controller=category,389.8518999922089,54160,PASS
DESKTOP-U80B0UL,GET,/index.php?id_category=5&controller=category,389.84039999195375,54151,PASS
DESKTOP-U80B0UL,GET,/index.php?id_category=5&controller=category,477.7322000009008,54151,PASS
DESKTOP-U80B0UL,GET,/index.php?id_category=8&controller=category,448.68480000877753,84243,PASS
DESKTOP-U80B0UL,GET,/index.php?id_category=5&controller=category,421.16910000913776,54160,PASS
DESKTOP-U80B0UL,GET,/index.php?controller=order,289.16760001447983,25446,PASS
DESKTOP-U80B0UL,GET,/index.php?id_category=8&controller=category,499.6367999992799,84243,PASS
DESKTOP-U80B0UL,GET,/index.php?id_category=5&controller=category,645.0859000033233,54160,PASS
DESKTOP-U80B0UL,GET,/index.php?controller=order,397.7434000116773,25446,PASS
DESKTOP-U80B0UL,GET,/index.php?controller=order,506.6486999858171,25446,PASS
DESKTOP-U80B0UL,GET,/index.php?id_category=3&controller=category,772.3476999963168,92770,PASS
DESKTOP-U80B0UL,GET,/index.php?id_category=8&controller=category,562.4294999870472,84243,PASS
DESKTOP-U80B0UL,GET,/index.php?id_category=5&controller=category,399.7449000016786,54160,PASS
DESKTOP-U80B0UL,GET,/index.php?id_category=3&controller=category,547.4015999934636,92770,PASS
DESKTOP-U80B0UL,GET,/index.php?controller=order,427.4880000157282,25446,PASS
DESKTOP-U80B0UL,GET,/index.php?id_category=5&controller=category,472.15369998593815,54151,PASS
DESKTOP-U80B0UL,GET,/index.php?controller=order,336.4309000025969,25446,PASS
DESKTOP-U80B0UL,GET,/index.php?controller=order,309.21089998446405,25446,PASS
DESKTOP-U80B0UL,GET,/index.php?id_category=5&controller=category,505.6481000210624,54160,PASS
DESKTOP-U80B0UL,GET,/index.php?controller=order,408.86749999481253,25446,PASS
DESKTOP-U80B0UL,GET,/index.php?id_category=8&controller=category,533.8700999855064,84234,PASS
DESKTOP-U80B0UL,GET,/index.php?id_category=8&controller=category,547.4760000070091,84243,PASS
DESKTOP-U80B0UL,GET,/index.php?controller=order,406.2442999857012,25446,PASS
DESKTOP-U80B0UL,GET,/index.php?id_category=3&controller=category,541.152299992973,92770,PASS
DESKTOP-U80B0UL,GET,/index.php?id_category=3&controller=category,582.9942999989726,92770,PASS
DESKTOP-U80B0UL,GET,/index.php?controller=order,422.4213999987114,25446,PASS
DESKTOP-U80B0UL,GET,/index.php?controller=order,414.21960000297986,25446,PASS
DESKTOP-U80B0UL,GET,/index.php?controller=order,314.2220999870915,25446,PASS
DESKTOP-U80B0UL,GET,/index.php?controller=order,263.7638000014704,25446,PASS
DESKTOP-U80B0UL,GET,/index.php?id_category=8&controller=category,443.4460000193212,84243,PASS
DESKTOP-U80B0UL,GET,/index.php?id_category=5&controller=category,443.5767999966629,54151,PASS
DESKTOP-U80B0UL,GET,/index.php?id_category=5&controller=category,465.7211000157986,54160,PASS
DESKTOP-U80B0UL,GET,/index.php?controller=addresses,510.4930000088643,34307,PASS
DESKTOP-U80B0UL,GET,/index.php?controller=order,335.4933999944478,25446,PASS
DESKTOP-U80B0UL,GET,/index.php?controller=order,368.6234999913722,25446,PASS
DESKTOP-U80B0UL,GET,/index.php?id_category=3&controller=category,516.8399999965914,92770,PASS
DESKTOP-U80B0UL,GET,/index.php?id_category=8&controller=category,542.6692999899387,84243,PASS
DESKTOP-U80B0UL,GET,/index.php?id_category=5&controller=category,407.82220000983216,54160,PASS
DESKTOP-U80B0UL,GET,/index.php?controller=order,284.41860000020824,25446,PASS
DESKTOP-U80B0UL,GET,/index.php?controller=order,319.61050000973046,25446,PASS
DESKTOP-U80B0UL,GET,/index.php?controller=order,275.75090000755154,25446,PASS
DESKTOP-U80B0UL,GET,/index.php?id_category=3&controller=category,543.0906999972649,92779,PASS
DESKTOP-U80B0UL,GET,/index.php?id_category=8&controller=category,433.9270999771543,84234,PASS
DESKTOP-U80B0UL,GET,/index.php?id_category=5&controller=category,416.1859000159893,54160,PASS
DESKTOP-U80B0UL,GET,/index.php?controller=order,286.10360002494417,25446,PASS
DESKTOP-U80B0UL,GET,/index.php?id_category=3&controller=category,549.135400011437,92770,PASS
DESKTOP-U80B0UL,GET,/index.php?controller=order,284.91409998969175,25446,PASS
DESKTOP-U80B0UL,GET,/index.php?id_category=3&controller=category,484.9658000166528,92779,PASS
DESKTOP-U80B0UL,GET,/index.php?controller=addresses,458.7316999968607,34307,PASS
DESKTOP-U80B0UL,GET,/index.php?id_category=8&controller=category,481.0599999909755,84234,PASS
DESKTOP-U80B0UL,GET,/index.php?id_category=5&controller=category,412.6250999979675,54160,PASS
DESKTOP-U80B0UL,GET,/index.php?id_category=3&controller=category,588.5794000059832,92779,PASS
DESKTOP-U80B0UL,GET,/index.php?controller=order,329.9187000084203,25446,PASS
DESKTOP-U80B0UL,GET,/index.php?controller=order,355.25250001228414,25446,PASS
DESKTOP-U80B0UL,GET,/index.php?id_category=8&controller=category,487.85430000862107,84243,PASS
DESKTOP-U80B0UL,GET,/index.php?id_category=8&controller=category,630.7723999780137,84243,PASS
DESKTOP-U80B0UL,GET,/index.php?controller=order,313.09609999880195,25446,PASS
DESKTOP-U80B0UL,GET,/index.php?id_category=3&controller=category,552.1987000247464,92779,PASS
DESKTOP-U80B0UL,GET,/index.php?id_category=5&controller=category,450.1340999850072,54160,PASS
DESKTOP-U80B0UL,GET,/index.php?controller=order,321.684099995764,25446,PASS
DESKTOP-U80B0UL,GET,/index.php?id_category=8&controller=category,494.0861999930348,84243,PASS
DESKTOP-U80B0UL,GET,/index.php?id_category=3&controller=category,494.0852999861818,92770,PASS
DESKTOP-U80B0UL,GET,/index.php?id_category=3&controller=category,480.3179000155069,92770,PASS
DESKTOP-U80B0UL,GET,/index.php?id_category=5&controller=category,439.9307999992743,54160,PASS
DESKTOP-U80B0UL,GET,/index.php?controller=order,310.270899994066,25446,PASS
DESKTOP-U80B0UL,GET,/index.php?id_category=3&controller=category,530.6838999968022,92779,PASS
DESKTOP-U80B0UL,GET,/index.php?id_category=8&controller=category,483.10850001871586,84243,PASS
DESKTOP-U80B0UL,GET,/index.php?id_category=5&controller=category,442.267600010382,54160,PASS
DESKTOP-U80B0UL,GET,/index.php?id_category=3&controller=category,531.5512999950442,92779,PASS
DESKTOP-U80B0UL,GET,/index.php?id_category=5&controller=category,429.55229998915456,54160,PASS
DESKTOP-U80B0UL,GET,/index.php?id_category=8&controller=category,454.28100001299754,84243,PASS
DESKTOP-U80B0UL,GET,/index.php?id_category=8&controller=category,451.90549999824725,84234,PASS
DESKTOP-U80B0UL,GET,/index.php?controller=order,416.970999998739,25446,PASS
DESKTOP-U80B0UL,GET,/index.php?id_category=3&controller=category,617.4723999865819,92779,PASS
DESKTOP-U80B0UL,GET,/index.php?id_category=8&controller=category,611.9669000036083,84234,PASS
DESKTOP-U80B0UL,GET,/index.php?id_category=3&controller=category,769.1103999968618,92779,PASS
DESKTOP-U80B0UL,GET,/index.php?id_category=5&controller=category,702.8475000115577,54160,PASS
DESKTOP-U80B0UL,GET,/index.php?controller=order,522.5418999907561,25446,PASS
DESKTOP-U80B0UL,GET,/index.php?id_category=8&controller=category,746.0175000014715,84243,PASS
DESKTOP-U80B0UL,GET,/index.php?id_category=5&controller=category,513.8061000034213,54160,PASS
DESKTOP-U80B0UL,GET,/index.php?id_category=5&controller=category,417.6368000044022,54160,PASS
DESKTOP-U80B0UL,GET,/index.php?controller=order,408.0809000006411,25446,PASS
DESKTOP-U80B0UL,GET,/index.php?id_category=5&controller=category,444.2194000002928,54160,PASS
DESKTOP-U80B0UL,GET,/index.php?id_category=8&controller=category,611.5256999910343,84234,PASS
DESKTOP-U80B0UL,GET,/index.php?id_category=3&controller=category,576.0096000158228,92779,PASS
DESKTOP-U80B0UL,GET,/index.php?id_category=8&controller=category,444.3751999933738,84234,PASS
DESKTOP-U80B0UL,GET,/index.php?controller=order,368.99669998092577,25446,PASS
DESKTOP-U80B0UL,GET,/index.php?id_category=5&controller=category,482.9054999863729,54160,PASS
DESKTOP-U80B0UL,GET,/index.php?id_category=3&controller=category,592.2749000019394,92779,PASS
DESKTOP-U80B0UL,GET,/index.php?id_category=3&controller=category,544.6031999890693,92770,PASS
DESKTOP-U80B0UL,GET,/index.php?id_category=3&controller=category,514.98680000077,92770,PASS
DESKTOP-U80B0UL,GET,/index.php?id_category=3&controller=category,469.77910000714473,92770,PASS
DESKTOP-U80B0UL,GET,/index.php?id_category=5&controller=category,374.6046999876853,54151,PASS
DESKTOP-U80B0UL,GET,/index.php?controller=order,349.36009999364614,25446,PASS
DESKTOP-U80B0UL,GET,/index.php?id_category=5&controller=category,422.838700003922,54160,PASS
DESKTOP-U80B0UL,GET,/index.php?id_category=3&controller=category,594.8685000184923,92779,PASS
DESKTOP-U80B0UL,GET,/index.php?id_category=8&controller=category,622.4320000037551,84234,PASS
DESKTOP-U80B0UL,GET,/index.php?id_category=8&controller=category,533.1396000110544,84243,PASS
DESKTOP-U80B0UL,GET,/index.php?id_category=8&controller=category,441.6287000058219,84243,PASS
DESKTOP-U80B0UL,GET,/index.php?id_category=8&controller=category,508.9233000180684,84243,PASS
DESKTOP-U80B0UL,GET,/index.php?id_category=8&controller=category,492.49289999715984,84243,PASS
DESKTOP-U80B0UL,GET,/index.php?controller=order,299.5488999877125,25446,PASS
DESKTOP-U80B0UL,GET,/index.php?id_category=5&controller=category,490.51470000995323,54160,PASS
DESKTOP-U80B0UL,GET,/index.php?controller=addresses,478.90370001550764,34307,PASS
DESKTOP-U80B0UL,GET,/index.php?id_category=3&controller=category,530.9213000000454,92770,PASS
DESKTOP-U80B0UL,GET,/index.php?id_category=8&controller=category,438.0611999949906,84243,PASS
DESKTOP-U80B0UL,GET,/index.php?id_category=5&controller=category,494.9052000010852,54160,PASS
DESKTOP-U80B0UL,GET,/index.php?id_category=5&controller=category,402.1120000106748,54151,PASS
DESKTOP-U80B0UL,GET,/index.php?id_category=5&controller=category,468.64279999863356,54151,PASS
DESKTOP-U80B0UL,GET,/index.php?id_category=5&controller=category,389.3909999751486,54151,PASS
DESKTOP-U80B0UL,GET,/index.php?controller=order,314.63899998925626,25446,PASS
DESKTOP-U80B0UL,GET,/index.php?controller=order,289.0156999928877,25446,PASS
DESKTOP-U80B0UL,GET,/index.php?controller=addresses,464.40999998594634,34307,PASS
DESKTOP-U80B0UL,GET,/index.php?id_category=8&controller=category,429.44000000716187,84234,PASS
DESKTOP-U80B0UL,GET,/index.php?controller=order,286.1570999957621,25446,PASS
DESKTOP-U80B0UL,GET,/index.php?id_category=5&controller=category,464.9943000113126,54160,PASS
DESKTOP-U80B0UL,GET,/index.php?id_category=3&controller=category,567.9635000124108,92770,PASS
DESKTOP-U80B0UL,GET,/index.php?id_category=3&controller=category,548.8019999756943,92779,PASS
DESKTOP-U80B0UL,GET,/index.php?controller=order,329.3962999887299,25446,PASS
DESKTOP-U80B0UL,GET,/index.php?id_category=3&controller=category,450.2167000027839,92779,PASS
DESKTOP-U80B0UL,GET,/index.php?controller=order,373.7974999821745,25446,PASS
DESKTOP-U80B0UL,GET,/index.php?id_category=3&controller=category,562.2470999951474,92779,PASS
DESKTOP-U80B0UL,GET,/index.php?id_category=5&controller=category,462.5577999977395,54151,PASS
DESKTOP-U80B0UL,GET,/index.php?id_category=3&controller=category,550.4039000079501,92770,PASS
DESKTOP-U80B0UL,GET,/index.php?id_category=8&controller=category,514.471800008323,84234,PASS
DESKTOP-U80B0UL,GET,/index.php?id_category=3&controller=category,551.9206000026315,92770,PASS
DESKTOP-U80B0UL,GET,/index.php?id_category=3&controller=category,491.1113000125624,92770,PASS
DESKTOP-U80B0UL,GET,/index.php?id_category=8&controller=category,521.24719999847,84243,PASS
DESKTOP-U80B0UL,GET,/index.php?controller=order,320.1266000105534,25446,PASS
DESKTOP-U80B0UL,GET,/index.php?controller=order,384.7527999896556,25446,PASS
DESKTOP-U80B0UL,GET,/index.php?id_category=8&controller=category,578.420300007565,84243,PASS
DESKTOP-U80B0UL,GET,/index.php?id_category=8&controller=category,554.9949999840464,84243,PASS
DESKTOP-U80B0UL,GET,/index.php?id_category=8&controller=category,594.839099998353,84243,PASS
DESKTOP-U80B0UL,GET,/index.php?id_category=8&controller=category,663.8634000264574,84243,PASS
DESKTOP-U80B0UL,GET,/index.php?id_category=5&controller=category,500.8522999996785,54160,PASS
DESKTOP-U80B0UL,GET,/index.php?id_category=8&controller=category,631.8041000049561,84243,PASS
DESKTOP-U80B0UL,GET,/index.php?id_category=5&controller=category,503.0339999939315,54160,PASS
DESKTOP-U80B0UL,GET,/index.php?controller=order,357.8409999900032,25446,PASS
DESKTOP-U80B0UL,GET,/index.php?id_category=5&controller=category,453.0836000049021,54160,PASS
DESKTOP-U80B0UL,GET,/index.php?controller=order,318.9663999946788,25446,PASS
DESKTOP-U80B0UL,GET,/index.php?id_category=5&controller=category,532.1679000044242,54160,PASS
DESKTOP-U80B0UL,GET,/index.php?controller=order,410.5503999744542,25446,PASS
DESKTOP-U80B0UL,GET,/index.php?id_category=5&controller=category,494.12310001207516,54151,PASS
DESKTOP-U80B0UL,GET,/index.php?id_category=5&controller=category,480.1164999953471,54160,PASS
DESKTOP-U80B0UL,GET,/index.php?id_category=5&controller=category,506.1872000223957,54151,PASS
DESKTOP-U80B0UL,GET,/index.php?controller=order,367.09400001564063,25446,PASS
DESKTOP-U80B0UL,GET,/index.php?controller=order,322.2133999806829,25446,PASS
DESKTOP-U80B0UL,GET,/index.php?controller=order,312.3159999959171,25446,PASS
DESKTOP-U80B0UL,GET,/index.php?controller=order,474.0451999823563,25446,PASS
DESKTOP-U80B0UL,GET,/index.php?controller=order,313.06559999939054,25446,PASS
DESKTOP-U80B0UL,GET,/index.php?id_category=3&controller=category,591.5541000140365,92779,PASS
DESKTOP-U80B0UL,GET,/index.php?controller=order,429.9030000111088,25446,PASS
DESKTOP-U80B0UL,GET,/index.php?id_category=3&controller=category,599.6939000033308,92770,PASS
DESKTOP-U80B0UL,GET,/index.php?controller=order,419.83809997327626,25446,PASS
DESKTOP-U80B0UL,GET,/index.php?id_category=3&controller=category,794.2696000100113,92779,PASS
DESKTOP-U80B0UL,GET,/index.php?id_category=3&controller=category,846.1457999947015,92779,PASS
DESKTOP-U80B0UL,GET,/index.php?controller=order,583.1408000085503,25446,PASS
DESKTOP-U80B0UL,GET,/index.php?id_category=8&controller=category,862.6742000051308,84243,PASS
DESKTOP-U80B0UL,GET,/index.php?id_category=3&controller=category,1091.4801000035368,92779,PASS
DESKTOP-U80B0UL,GET,/index.php?id_category=3&controller=category,897.8184000006877,92779,PASS
DESKTOP-U80B0UL,GET,/index.php?id_category=3&controller=category,838.8960000011139,92779,PASS
DESKTOP-U80B0UL,GET,/index.php?id_category=8&controller=category,490.48939999192953,84243,PASS
DESKTOP-U80B0UL,GET,/index.php?controller=order,279.8612999904435,25446,PASS
DESKTOP-U80B0UL,GET,/index.php?id_category=8&controller=category,440.17430001986213,84234,PASS
DESKTOP-U80B0UL,GET,/index.php?id_category=8&controller=category,455.0771999929566,84243,PASS
DESKTOP-U80B0UL,GET,/index.php?controller=order,290.9947999869473,25446,PASS
DESKTOP-U80B0UL,GET,/index.php?id_category=3&controller=category,457.775999995647,92779,PASS
DESKTOP-U80B0UL,GET,/index.php?id_category=8&controller=category,646.3543999998365,84243,PASS
